,selection_frequency
cg11090352,0.63
cg10134833,0.57
cg13647706,0.55
cg15076659,0.54
cg24078870,0.35
cg25753841,0.34
cg23729331,0.33
cg21180061,0.3
cg15594905,0.3
cg24805258,0.3
cg14138827,0.3
cg16059957,0.26
cg13639901,0.24
cg06863972,0.23
cg26115633,0.23
cg09515767,0.22
cg06077359,0.22
cg00922825,0.21
cg21029612,0.21
cg10111054,0.21
cg19285799,0.21
cg26190994,0.21
cg02617837,0.2
cg11403689,0.19
cg13607709,0.19
cg17274953,0.18
cg04136922,0.16
cg10678018,0.15
cg03794213,0.15
cg10316877,0.15
cg25068063,0.15
cg07720865,0.14
cg17498188,0.14
cg16711004,0.14
cg16579190,0.14
cg01559158,0.14
cg21486465,0.13
cg17760405,0.13
cg00744791,0.13
cg06908352,0.13
cg00791868,0.13
cg23891251,0.13
cg05938197,0.13
cg08458738,0.13
cg15208524,0.12
cg01004144,0.12
cg01069707,0.12
cg18515229,0.12
cg10706230,0.12
cg07552803,0.12
cg18522266,0.12
cg06452331,0.12
cg13899694,0.12
cg26311118,0.12
cg12571629,0.11
cg27264249,0.11
cg04838382,0.11
cg03304378,0.11
cg07872987,0.11
cg02999013,0.11
cg00145955,0.11
cg06014180,0.11
cg11670533,0.1
cg04310354,0.1
cg02063203,0.1
cg05304331,0.1
cg24571913,0.1
cg16517851,0.1
cg26149275,0.1
cg14898621,0.1
cg04922222,0.1
cg16384862,0.1
cg00303335,0.1
cg12802921,0.1
cg15170946,0.09
cg04177089,0.09
cg10327302,0.09
cg14006320,0.09
cg13881906,0.09
cg25206996,0.09
cg16622494,0.09
cg26614624,0.09
cg25991468,0.09
cg21944138,0.09
cg25555485,0.08
cg06451845,0.08
cg03736085,0.08
cg14384748,0.08
cg05972047,0.08
cg18605858,0.08
cg02383035,0.08
cg18792904,0.08
cg01601439,0.08
cg08022965,0.08
cg15739997,0.08
cg16226866,0.08
cg08339492,0.08
cg14625938,0.08
cg00773696,0.07
cg08879470,0.07
cg24174307,0.07
cg11723850,0.07
cg27114428,0.07
cg03266380,0.07
cg18954037,0.07
cg24973720,0.07
cg15749633,0.07
cg10618207,0.07
cg11840740,0.07
cg12537925,0.07
cg26010942,0.07
cg11539275,0.07
cg23471890,0.07
cg09887678,0.07
cg00558215,0.07
cg10950441,0.07
cg10022295,0.07
cg14449473,0.06
cg14203118,0.06
cg06531430,0.06
cg07224636,0.06
cg22643313,0.06
cg08629869,0.06
cg05374798,0.06
cg07121541,0.06
cg23983887,0.06
cg25110584,0.06
cg07962315,0.06
cg25654768,0.06
cg02899870,0.06
cg17091793,0.06
cg21150675,0.06
cg26043149,0.06
cg12125614,0.06
cg24966575,0.06
cg14858786,0.06
cg16491506,0.06
cg09518226,0.06
cg02075877,0.06
cg26460471,0.05
cg02208176,0.05
cg01527418,0.05
cg13036352,0.05
cg25623451,0.05
cg25120326,0.05
cg23370536,0.05
cg21830003,0.05
cg12620806,0.05
cg18668511,0.05
cg12229505,0.05
cg13775913,0.05
cg14523866,0.05
cg11506907,0.05
cg05638598,0.05
cg24648549,0.05
cg14451276,0.05
cg24356687,0.05
cg09235936,0.05
cg03557265,0.05
cg12462858,0.05
cg07906745,0.05
cg22044002,0.05
cg00609363,0.05
cg12400610,0.05
cg23300494,0.05
cg03330254,0.05
cg08546016,0.05
cg25987077,0.05
cg24780981,0.05
cg00777310,0.05
cg08900943,0.05
cg16800968,0.05
cg04943066,0.05
cg15788625,0.05
cg05082960,0.05
cg21156662,0.05
cg05133179,0.05
cg25385828,0.05
cg08133699,0.05
cg13703503,0.04
cg18905132,0.04
cg10229621,0.04
cg02944398,0.04
cg09997171,0.04
cg17021559,0.04
cg21686613,0.04
cg26025358,0.04
cg14585406,0.04
cg10184983,0.04
cg02918557,0.04
cg22481137,0.04
cg05227655,0.04
cg24136855,0.04
cg06834177,0.04
cg17473765,0.04
cg12177851,0.04
cg26822740,0.04
cg10163483,0.04
cg23231550,0.04
cg07377755,0.04
cg10706553,0.04
cg07166707,0.04
cg08565409,0.04
cg27114138,0.04
cg18267489,0.04
cg13901901,0.04
cg20687242,0.04
cg22496809,0.04
cg12781287,0.04
cg09552189,0.04
cg09626274,0.04
cg21071494,0.04
cg17153157,0.04
cg06680397,0.04
cg09138965,0.04
cg04387984,0.04
cg17936460,0.04
cg02845673,0.04
cg20281583,0.04
cg01395760,0.04
cg04649575,0.04
cg14436871,0.04
cg18864909,0.04
cg06465151,0.04
cg17567128,0.04
cg18892473,0.04
cg04755688,0.04
cg02741177,0.04
cg09869474,0.04
cg22168617,0.04
cg08328134,0.04
cg13233534,0.04
cg01923073,0.04
cg08103098,0.04
cg19800026,0.04
cg07505669,0.03
cg18394216,0.03
cg22299966,0.03
cg26790547,0.03
cg04768958,0.03
cg09979478,0.03
cg02443818,0.03
cg21569090,0.03
cg04204388,0.03
cg23348158,0.03
cg00856905,0.03
cg13061886,0.03
cg21478136,0.03
cg25741953,0.03
cg24748867,0.03
cg10330955,0.03
cg24703168,0.03
cg16653138,0.03
cg23421262,0.03
cg10638118,0.03
cg05602200,0.03
cg24392372,0.03
cg01838004,0.03
cg12273231,0.03
cg15386550,0.03
cg26371061,0.03
cg06653203,0.03
cg11305394,0.03
cg27372759,0.03
cg06527844,0.03
cg03978365,0.03
cg26500223,0.03
cg11145302,0.03
cg17323243,0.03
cg25950548,0.03
cg10022904,0.03
cg07350732,0.03
cg13114547,0.03
cg05401764,0.03
cg16507354,0.03
cg16929712,0.03
cg01949920,0.03
cg01667978,0.03
cg20777796,0.03
cg01994328,0.03
cg22559218,0.03
cg13658885,0.03
cg07686023,0.03
cg01435107,0.03
cg09247193,0.03
cg14328457,0.03
cg13295719,0.03
cg07621747,0.03
cg03522766,0.03
cg07212963,0.03
cg06361403,0.03
cg02292129,0.03
cg02059927,0.03
cg09184192,0.03
cg25069631,0.03
cg05764403,0.03
cg25035392,0.03
cg08385422,0.03
cg12879607,0.03
cg05264764,0.03
cg11213588,0.03
cg04221597,0.03
cg14511866,0.03
cg24627793,0.03
cg05185946,0.03
cg13711457,0.03
cg00529181,0.03
cg17234776,0.03
cg16815229,0.03
cg00151491,0.03
cg19067897,0.03
cg24700881,0.03
cg03951267,0.03
cg22490506,0.03
cg18766170,0.03
cg11878016,0.03
cg10602982,0.03
cg11568095,0.03
cg03152388,0.03
cg16283385,0.03
cg07088328,0.03
cg26258116,0.03
cg13614092,0.03
cg08479752,0.03
cg26014723,0.03
cg15012506,0.03
cg16238207,0.03
cg16916522,0.03
cg07925453,0.03
cg02583633,0.03
cg25929173,0.03
cg20389760,0.03
cg25666278,0.03
cg07536452,0.03
cg15215519,0.02
cg20973720,0.02
cg27655671,0.02
cg20735720,0.02
cg07719100,0.02
cg22733863,0.02
cg14353965,0.02
cg17129755,0.02
cg19590834,0.02
cg03536785,0.02
cg01154032,0.02
cg22612033,0.02
cg01156663,0.02
cg22389545,0.02
cg08621926,0.02
cg17473104,0.02
cg13912404,0.02
cg08523628,0.02
cg22620363,0.02
cg01104089,0.02
cg17749961,0.02
cg26726575,0.02
cg19486023,0.02
cg03548242,0.02
cg14310109,0.02
cg17558214,0.02
cg10356904,0.02
cg09420665,0.02
cg26645635,0.02
cg03433313,0.02
cg26547443,0.02
cg17198867,0.02
cg15579888,0.02
cg08608947,0.02
cg27504832,0.02
cg26643039,0.02
cg07324172,0.02
cg18264306,0.02
cg14195823,0.02
cg20279003,0.02
cg10314241,0.02
cg02400740,0.02
cg02610227,0.02
cg08952017,0.02
cg02857778,0.02
cg04507426,0.02
cg07807047,0.02
cg19561185,0.02
cg21199629,0.02
cg18219563,0.02
cg18681998,0.02
cg26919154,0.02
cg12460140,0.02
cg10213328,0.02
cg02560967,0.02
cg25151559,0.02
cg05770241,0.02
cg26043010,0.02
cg15834460,0.02
cg16164276,0.02
cg25746134,0.02
cg10211456,0.02
cg02062326,0.02
cg07870999,0.02
cg03034818,0.02
cg16887689,0.02
cg19297881,0.02
cg25576011,0.02
cg02529683,0.02
cg14653418,0.02
cg13253642,0.02
cg26912576,0.02
cg17109669,0.02
cg14791846,0.02
cg20678377,0.02
cg26140708,0.02
cg14730085,0.02
cg00620445,0.02
cg19000782,0.02
cg10137450,0.02
cg25973835,0.02
cg13047989,0.02
cg22976242,0.02
cg27145083,0.02
cg03499428,0.02
cg09531402,0.02
cg12606302,0.02
cg19190269,0.02
cg04695356,0.02
cg01971552,0.02
cg21936165,0.02
cg26031255,0.02
cg18136423,0.02
cg04967687,0.02
cg00520135,0.02
cg19206844,0.02
cg12831869,0.02
cg20068492,0.02
cg01408342,0.02
cg13514994,0.02
cg03645581,0.02
cg10962261,0.02
cg02074719,0.02
cg15413279,0.02
cg04295733,0.02
cg09909877,0.02
cg06740710,0.02
cg25499728,0.02
cg09606770,0.02
cg10566589,0.02
cg07140176,0.02
cg14875920,0.02
cg09256440,0.02
cg24797528,0.02
cg14129735,0.02
cg20547770,0.02
cg12412781,0.02
cg17506056,0.02
cg14655732,0.02
cg21073520,0.02
cg14552457,0.02
cg10648897,0.02
cg15841167,0.02
cg00316677,0.02
cg23464619,0.02
cg17540096,0.02
cg10725344,0.02
cg05541267,0.02
cg13900767,0.02
cg10431499,0.02
cg07274752,0.02
cg01222380,0.02
cg09307644,0.02
cg03089244,0.02
cg03506657,0.02
cg02298956,0.02
cg04458798,0.02
cg17683100,0.02
cg06000883,0.02
cg24336674,0.02
cg12912636,0.02
cg13861904,0.02
cg04729826,0.02
cg17248521,0.02
cg19352542,0.02
cg13599485,0.02
cg18032744,0.02
cg16190018,0.02
cg12642773,0.02
cg03997039,0.02
cg08641879,0.02
cg01141445,0.02
cg04763326,0.02
cg07764676,0.02
cg14101193,0.02
cg22807681,0.02
cg21328643,0.02
cg18188697,0.02
cg06839900,0.02
cg04252928,0.02
cg01098936,0.02
cg25056994,0.02
cg20291162,0.02
cg02777670,0.02
cg26457901,0.02
cg08846482,0.02
cg14552882,0.02
cg21302319,0.02
cg15993383,0.02
cg05338317,0.02
cg09668408,0.02
cg20052227,0.02
cg15225132,0.02
cg12509989,0.02
cg21724796,0.02
cg15223494,0.02
cg11635074,0.02
cg21918062,0.02
cg19157329,0.02
cg26147796,0.02
cg00527382,0.02
cg13045913,0.02
cg22429822,0.02
cg10484734,0.02
cg09915221,0.02
cg10427864,0.02
cg17666994,0.02
cg01029791,0.02
cg02854879,0.02
cg18304307,0.02
cg00804048,0.02
cg05207253,0.02
cg26863200,0.02
cg03000006,0.02
cg03885271,0.02
cg13770088,0.02
cg00077302,0.02
cg22643481,0.02
cg19505136,0.02
cg13190924,0.02
cg10191240,0.01
cg09978321,0.01
cg20714331,0.01
cg06911020,0.01
cg11036338,0.01
cg21093670,0.01
cg18527739,0.01
cg25152498,0.01
cg09309058,0.01
cg15528852,0.01
cg13432102,0.01
cg21746222,0.01
cg03710251,0.01
cg16671684,0.01
cg04568492,0.01
cg02370978,0.01
cg14066439,0.01
cg05878952,0.01
cg21376733,0.01
cg05600174,0.01
cg02079236,0.01
cg16395712,0.01
cg16955692,0.01
cg02359186,0.01
cg02162745,0.01
cg05782361,0.01
cg06280059,0.01
cg20391597,0.01
cg09870721,0.01
cg12432846,0.01
cg22188450,0.01
cg04528217,0.01
cg26995915,0.01
cg04669965,0.01
cg03384440,0.01
cg18375860,0.01
cg13599411,0.01
cg13562462,0.01
cg16421612,0.01
cg12243375,0.01
cg04194329,0.01
cg03445663,0.01
cg01727145,0.01
cg06456071,0.01
cg11271505,0.01
cg18865445,0.01
cg18557684,0.01
cg21403089,0.01
cg27370997,0.01
cg00331643,0.01
cg24022375,0.01
cg07452098,0.01
cg16292778,0.01
cg07477109,0.01
cg20741429,0.01
cg16048112,0.01
cg13491192,0.01
cg05301845,0.01
cg12704673,0.01
cg05846707,0.01
cg18526167,0.01
cg07248162,0.01
cg16096942,0.01
cg05262295,0.01
cg04937402,0.01
cg07519805,0.01
cg11932547,0.01
cg02412072,0.01
cg14661161,0.01
cg14737332,0.01
cg11730719,0.01
cg15649852,0.01
cg05780753,0.01
cg13297703,0.01
cg13105766,0.01
cg01919254,0.01
cg14823535,0.01
cg16012388,0.01
cg10591825,0.01
cg05077417,0.01
cg11401682,0.01
cg02371850,0.01
cg01033299,0.01
cg09537107,0.01
cg02802062,0.01
cg15545772,0.01
cg26426447,0.01
cg27087059,0.01
cg06651376,0.01
cg23440331,0.01
cg20882848,0.01
cg03740159,0.01
cg11734773,0.01
cg20038789,0.01
cg13408086,0.01
cg16828937,0.01
cg26707398,0.01
cg20956634,0.01
cg17735983,0.01
cg03950246,0.01
cg09509950,0.01
cg20429981,0.01
cg08590873,0.01
cg20066188,0.01
cg17884327,0.01
cg19683494,0.01
cg17884145,0.01
cg27127091,0.01
cg04552451,0.01
cg07360518,0.01
cg16720687,0.01
cg20506346,0.01
cg00481239,0.01
cg05065466,0.01
cg14492208,0.01
cg20705566,0.01
cg19388972,0.01
cg06488349,0.01
cg06610036,0.01
cg21039495,0.01
cg09999650,0.01
cg02045894,0.01
cg13609017,0.01
cg26554646,0.01
cg16731076,0.01
cg06973615,0.01
cg05741611,0.01
cg26467206,0.01
cg25641240,0.01
cg14418942,0.01
cg06575611,0.01
cg12932008,0.01
cg03980541,0.01
cg18792022,0.01
cg12664940,0.01
cg03242511,0.01
cg04476152,0.01
cg23806715,0.01
cg00997682,0.01
cg25633114,0.01
cg14332600,0.01
cg03322979,0.01
cg03995631,0.01
cg27117695,0.01
cg14770721,0.01
cg04780880,0.01
cg06746318,0.01
cg24588941,0.01
cg21848700,0.01
cg19760965,0.01
cg22204640,0.01
cg21229536,0.01
cg05633391,0.01
cg06313676,0.01
cg00499859,0.01
cg11322464,0.01
cg08484934,0.01
cg07774293,0.01
cg09964361,0.01
cg04808059,0.01
cg09851679,0.01
cg16375198,0.01
cg21904978,0.01
cg03090171,0.01
cg23639433,0.01
cg04774033,0.01
cg16101008,0.01
cg11867368,0.01
cg14044916,0.01
cg24861413,0.01
cg06932756,0.01
cg08125218,0.01
cg25808892,0.01
cg17073432,0.01
cg22991836,0.01
cg04806876,0.01
cg08467103,0.01
cg14603098,0.01
cg13636881,0.01
cg22576711,0.01
cg21792155,0.01
cg19768312,0.01
cg20469284,0.01
cg25999043,0.01
cg17762331,0.01
cg19622360,0.01
cg26520930,0.01
cg21545862,0.01
cg16361266,0.01
cg00629244,0.01
cg12368188,0.01
cg03962458,0.01
cg18135087,0.01
cg09491948,0.01
cg09884451,0.01
cg23098127,0.01
cg11880010,0.01
cg02648692,0.01
cg17342302,0.01
cg04314107,0.01
cg08857436,0.01
cg05791482,0.01
cg13150467,0.01
cg07295775,0.01
cg00673404,0.01
cg00295382,0.01
cg10208301,0.01
cg06378672,0.01
cg23697136,0.01
cg02469161,0.01
cg10089294,0.01
cg17612515,0.01
cg23166357,0.01
cg13666822,0.01
cg04230117,0.01
cg08508721,0.01
cg08323075,0.01
cg09644238,0.01
cg05735467,0.01
cg08595182,0.01
cg01192262,0.01
cg19823793,0.01
cg26660115,0.01
cg24341059,0.01
cg06921501,0.01
cg15297178,0.01
cg27405732,0.01
cg09898122,0.01
cg15558448,0.01
cg13263778,0.01
cg07902749,0.01
cg01977110,0.01
cg18270617,0.01
cg13088427,0.01
cg05930207,0.01
cg04559647,0.01
cg11945733,0.01
cg11153092,0.01
cg16434720,0.01
cg16674926,0.01
cg22198179,0.01
cg03529194,0.01
cg12410692,0.01
cg02444300,0.01
cg17342864,0.01
cg09326547,0.01
cg20303490,0.01
cg05326358,0.01
cg09391279,0.01
cg24465469,0.01
cg15727564,0.01
cg13481379,0.01
cg07433663,0.01
cg26040261,0.01
cg23680480,0.01
cg09176893,0.01
cg22475440,0.01
cg11855325,0.01
cg05908051,0.01
cg24109273,0.01
cg12295186,0.01
cg07252137,0.01
cg08675176,0.01
cg25656757,0.01
cg24790501,0.01
cg13868347,0.01
cg10937652,0.01
cg02369450,0.01
cg16818251,0.01
cg23830281,0.01
cg07517487,0.01
cg20671117,0.01
cg19965221,0.01
cg18601167,0.01
cg15881997,0.01
cg11805338,0.01
cg21215209,0.01
cg16505498,0.01
cg21994086,0.01
cg03791425,0.01
cg21167628,0.01
cg22900387,0.01
cg17527969,0.01
cg18340614,0.01
cg18697982,0.01
cg21735487,0.01
cg04122068,0.01
cg02555883,0.01
cg15580304,0.01
cg05402634,0.01
cg01017241,0.01
cg17516384,0.01
cg01621268,0.01
cg10343901,0.01
cg04725566,0.01
cg06218622,0.01
cg25697556,0.01
cg11259289,0.01
cg05021494,0.01
cg20518155,0.01
cg23433828,0.01
cg11166319,0.01
cg19055060,0.01
cg09873429,0.01
cg11683232,0.01
cg02911909,0.01
cg00381131,0.01
cg26672159,0.01
cg17604209,0.01
cg24171114,0.01
cg16477869,0.01
cg27502982,0.01
cg16802990,0.01
cg05425699,0.01
cg19702761,0.01
cg05634149,0.01
cg12709527,0.01
cg21470876,0.01
cg02768790,0.01
cg09999490,0.01
cg23877043,0.01
cg03339618,0.01
cg21475476,0.01
cg22673269,0.01
cg06474225,0.01
cg09031059,0.01
cg14002714,0.01
cg26482199,0.01
cg21253966,0.01
cg20683482,0.01
cg15837503,0.01
cg10370540,0.01
cg27556861,0.01
cg13647055,0.01
cg13306087,0.01
cg16374347,0.01
cg04971825,0.01
cg05777510,0.01
cg11624040,0.01
cg11561443,0.01
cg22515201,0.01
cg12139708,0.01
cg21367137,0.01
cg12452738,0.01
cg06927863,0.01
cg15750941,0.01
cg04785083,0.01
cg12727462,0.01
cg13641993,0.01
cg07226201,0.01
cg07807690,0.01
cg01122123,0.01
cg19315508,0.01
cg00026853,0.01
cg13489590,0.01
cg17774347,0.01
cg05355467,0.01
cg10071130,0.01
cg14823429,0.01
cg04379409,0.01
cg20925873,0.01
cg25656521,0.01
cg21717879,0.01
cg00752263,0.01
cg15046077,0.01
cg11682319,0.01
cg23507025,0.01
cg07439507,0.01
cg05424071,0.01
cg10184889,0.01
cg13603112,0.01
cg02578058,0.01
cg23312964,0.01
cg08047369,0.01
cg08279184,0.01
cg27312944,0.01
cg25084027,0.01
cg16867584,0.01
cg26924109,0.01
cg17496877,0.01
cg01372839,0.01
cg03653399,0.01
cg17002598,0.01
cg23540248,0.01
cg19194095,0.01
cg13648509,0.01
cg11664313,0.01
cg11861406,0.01
cg05695631,0.01
cg21819129,0.01
cg11749142,0.01
cg01075796,0.01
cg10678190,0.01
cg22076972,0.01
cg09372094,0.01
cg21521454,0.01
cg04407652,0.01
cg21523358,0.01
cg08919486,0.01
cg22918634,0.01
cg03252055,0.01
cg21553596,0.01
cg02703032,0.01
cg07833554,0.01
cg25317740,0.01
cg02188411,0.01
cg20602245,0.01
cg00050152,0.01
cg25873214,0.01
cg00676602,0.01
cg07709080,0.01
cg02733650,0.01
cg20706496,0.01
cg13196697,0.01
cg03324947,0.01
cg21834061,0.01
cg02099154,0.01
cg00394026,0.01
cg07893892,0.01
cg12329832,0.01
cg07246372,0.01
cg03766946,0.01
cg23875597,0.01
cg10802135,0.01
cg15742123,0.01
cg23588049,0.01
cg20678053,0.01
cg27091703,0.01
cg10113885,0.01
cg09929238,0.01
cg17867321,0.01
cg16666244,0.01
cg16185421,0.01
cg11068617,0.01
cg18382947,0.01
cg08120462,0.01
cg02317785,0.01
cg08242217,0.01
cg08530912,0.01
cg00077017,0.01
cg14605309,0.01
cg04044227,0.01
cg07455051,0.01
cg14373167,0.01
cg27419106,0.01
cg25135957,0.01
cg00485551,0.01
cg26642655,0.01
cg09031957,0.01
cg06623333,0.01
cg20710013,0.01
cg20932838,0.01
cg16589214,0.01
cg16338783,0.01
cg25404570,0.01
cg18222195,0.01
cg01441183,0.01
cg15168376,0.01
cg02333187,0.01
cg17456522,0.01
cg06499217,0.01
cg11570752,0.01
cg07721663,0.01
cg00314029,0.01
cg27201332,0.01
cg25053252,0.01
cg27613737,0.01
cg25155098,0.01
cg15107336,0.01
cg19800916,0.01
cg19880977,0.01
cg03667969,0.01
cg16948489,0.01
cg12585966,0.01
cg21271945,0.01
cg20449313,0.01
cg03263002,0.01
cg24734581,0.01
cg10146268,0.01
cg01561259,0.01
cg21842999,0.01
cg15074266,0.01
cg09179589,0.01
cg03833597,0.01
cg05050882,0.01
cg24615926,0.01
cg05124918,0.01
cg24027596,0.01
cg25341937,0.01
cg05625951,0.01
cg27500148,0.01
cg16534579,0.01
cg21642176,0.01
cg26287612,0.01
cg16144458,0.01
cg06609390,0.01
cg27122213,0.01
cg02966047,0.01
cg12686317,0.01
cg05805038,0.01
cg01316047,0.01
cg13215869,0.01
cg19933487,0.01
cg14676407,0.01
cg12720889,0.01
cg06574501,0.01
cg08043971,0.01
cg11118328,0.01
cg02807262,0.01
cg13666471,0.01
cg12454169,0.01
cg20321153,0.01
cg12924693,0.01
cg01586670,0.01
cg11107196,0.01
cg02156862,0.01
cg01987164,0.01
cg01433443,0.01
cg12586176,0.01
cg17087479,0.01
cg10090591,0.01
cg14539861,0.01
cg12539193,0.01
cg21048050,0.01
cg06931446,0.01
cg24345902,0.01
cg07906724,0.01
cg09497409,0.01
cg05595134,0.01
cg25572477,0.01
cg07224733,0.01
cg23191941,0.01
cg07287345,0.01
cg02500917,0.01
cg22653976,0.01
cg13751683,0.01
cg08532870,0.01
cg00691026,0.01
cg12458171,0.01
cg12591881,0.01
cg07138101,0.01
cg00246303,0.01
cg08607755,0.01
cg18650878,0.01
cg01322214,0.01
cg25423755,0.01
cg18586490,0.01
cg05733340,0.01
cg03373518,0.01
cg07430960,0.01
cg11006622,0.01
cg06438625,0.01
cg23898712,0.01
cg04720277,0.01
cg14509437,0.01
cg20573562,0.01
cg21730366,0.01
cg21756355,0.01
cg26566415,0.01
cg02018815,0.01
cg10871779,0.01
cg26221516,0.01
cg25587511,0.01
cg15403346,0.01
cg01413054,0.01
cg13437726,0.01
cg05603736,0.01
cg01096398,0.01
cg21641920,0.01
cg05857203,0.01
cg18242593,0.01
cg07469402,0.01
cg18526602,0.01
cg19319448,0.01
cg01655290,0.01
cg15213731,0.01
cg15771763,0.01
cg17982504,0.01
cg26309221,0.01
cg05230816,0.01
cg21777166,0.01
cg13690761,0.01
cg09096995,0.01
cg11416095,0.01
cg13552710,0.01
cg24956250,0.01
cg01919369,0.01
cg05014727,0.01
cg12262069,0.01
cg11353790,0.01
cg03549571,0.01
cg01742263,0.01
cg27089754,0.01
cg09323434,0.01
cg12859211,0.01
cg06182770,0.01
cg18087527,0.01
cg21815667,0.01
cg25746778,0.01
cg12813797,0.01
cg24241897,0.01
cg20506071,0.01
cg19399473,0.01
cg08139098,0.01
cg16142349,0.01
cg00279363,0.01
cg25133100,0.01
cg14512089,0.01
cg02375499,0.01
cg11856929,0.01
cg04428701,0.01
cg11985321,0.01
cg22535163,0.01
cg06689259,0.01
cg13169073,0.01
cg18760835,0.01
cg00785783,0.01
cg00045902,0.01
cg01836936,0.01
cg02021984,0.01
cg10958874,0.01
cg09445988,0.01
cg07734359,0.01
cg06257110,0.01
cg03849132,0.01
cg00301601,0.01
cg24278619,0.01
cg12775201,0.01
cg04293724,0.01
cg26308512,0.01
cg20824761,0.01
cg17177054,0.01
cg23095286,0.01
cg09762043,0.01
cg19083779,0.01
cg18388552,0.01
cg25157065,0.01
cg26331164,0.01
cg13261133,0.01
cg09917325,0.01
cg08659034,0.01
cg06060754,0.01
cg09980477,0.01
cg04217778,0.01
cg18085627,0.01
cg08220377,0.01
cg15170605,0.01
cg04499601,0.01
cg02023276,0.01
cg07575234,0.01
cg11199770,0.01
cg20813493,0.01
cg02811038,0.01
cg07015028,0.01
cg24761867,0.01
cg03086300,0.01
cg15765251,0.01
cg19359368,0.01
